Act Name,Act Code
Select Act Type,
14A foreigners Amendmant Act 2004,1105
A and N Prohibition of Cow Slaughter Reg 1967,1107
Absorbed Areas (Laws) Act,1
Acquired Territories (Merger) Act,2
Acquisition of Certain Area at Ayodhya Act,3
Actquaries Act,72
Additional Duties of Excise (Goods of Special Importance) Act,4
Additional Duties of Excise (Textiles and Textile Articles) Act,5
Additional Emoluments (Compulsory Deposit) Act,6
Administrative Tribunal (Amendment) Act,8
Administrative Tribunals Act,7
Administrators-General Act,9
Advocates Act,10
Advocates’ Welfare Fund Act,11
African Development Bank Act,12
African Development Fund Act,13
"Agricultural and Processed Food Products Export   Development Authority Act, 1985",14
Agricultural Produce (Grading and Marking) Act,15
Agriculturists' Loans Act,16
Air Corporations (Transfer of Undertakings and Repeal) Act,20
Aircraft Act,17
Air Force Act,21
Airports Authority of India Act,18
Airports Economic Regulatory Authority of India Act,19
Air (Prevention and Control of Pollution) Act,22
Air (Prevention and Control of Pollution) Amendment Act,23
Ajmer Tenancy and Land Records Act,24
Alcock Ashdown Company Limited (Acquisition of Undertakings Act,25
Aligarh Muslim University Act,26
All-India Council for Technical  Education Act,27
All-India Institute of Medical Sciences Act,28
All-India Services Act,29
All-India Services Regulations (Indemnity) Act,30
Aluminium Corporation of India Limited (Acquisition and  Transfer of Aluminium) Undertaking Act,31
Amending Act  -1901,33
Amending Act – 1903,34
Amending Act – 1987,32
Amritsar Oil Works (Acquisition and Transfer of  Undertakings) Act,35
Anand Marriage Act,36
Ancient Monuments and Archaeological Sites and Remains Act,37
Ancient Monuments Preservation Act,38
"Andaman and Nicobar Islands Protection of Aborignal Tribes Regulation,1956 PAT",1101
Andaman and Nicobar Islands Regulation No III of 1876,1102
"Andaman and Nicobar Rent Control Regulation,1964",1103
Andaman & Nicobar Islands Fisheries Regulation 1938,1114
Andhra Pradesh and Madras (Alteration of  Boundaries) Act,39
Andhra Pradesh and Mysore (Transfer of Territory) Act,40
"Andhra Pradesh Legislative Council Act, 2005",41
Andhra Scientific Company Limited (Acquisition and Transfer  of Undertakings) Act,42
Andhra State Act,43
Anti-Apartheid (United Nations Convention) Act,44
Anti-Corruption Laws (Amendment) Act,45
Anti-Hijacking Act,46
Antiquities and Art Treasures Act,47
Anusandhan National Research Foundation Act,1119
Apprentices Act,48
Arbitration and Conciliation Act,49
Architects Act,50
Armed Forces (Emergency Duties) Act,51
Armed Forces (Jammu and Kashmir) Special Powers Act,52
Armed Forces (Punjab and Chandigarh) Special Powers Act,53
Armed Forces (Special Powers) Act,54
Armed Forces Tribunal Act,55
Arms Act,56
Army Act,57
Army and Air Force (Disposal of Private Property) Act,58
Arya Marriage Validation Act,59
Asian Development Bank Act,60
Asian Refractories Limited (Acquisition of Undertakings) Act,61
Asiatic Society Act,62
Assam (Alteration of Boundaries) Act,63
Assam Criminal Law Amendment (Supplementary) Act,64
Assam Municipal (Manipur Amendment) Act,65
Assam Reorganisation (Meghalaya) Act,66
Assam Rifle Act,68
Assam Rifles Act,67
Assam Sillimanite Limited (Acquisition and Transfer of Refractory Plant) Act,69
Assam University Act,70
Atomic Energy Act,71
Auroville Foundation Act,73
Authoritative Texts (Central Laws) Act,74
Babasaheb Bhimrao Ambedkar University Act,75
Banaras Hindu University Act,76
Bangalore Marriages Validating Act,77
Bankers' Books Evidence Act,78
Banking Companies (Acquisition and Transfer of Undertakings)  Act,80
Banking Companies (Acquisition and Transfer of Undertakings)  Act,79
Banking Laws (Amendment) Act,82
Banking Laws (Application to Co-operative Societies) Act,81
Banking Regulation Act,83
Bar Councils (Validation of State Laws) Act,84
Beedi and Cigar Workers (Conditions of Employment) Act,85
Beedi and Cigar Workers (Conditions of Employment) Amendment Act,86
Beedi Workers Welfare Cess Act,87
Beedi Workers Welfare Fund Act,88
Benami Transactions (Prohibition) Act,89
"Bengal, Agra and Assam Civil Courts Act",90
Bengal Alluvion and Diluvion Act,91
"Bengal, Bihar and Orissa and Assam Laws Act",92
Bengal Bonded Warehouse Association Act,94
Bengal Bonded Warehouse Association Act,93
Bengal Chaukidari Act,95
Bengal Chemical and Pharmaceutical Works Limited (Acquisition and Transfer of Undertakings) Act,96
Bengal Criminal Law Amendment (Supplementary) Act,97
Bengal Districts Act,98
Bengal Embankment Act,99
Bengal Finance (Sales Tax) (Delhi Validation of Appointments and Proceedings) Act,100
Bengal Ghatwali Lands Act,101
Bengal Immunity Company Limited (Acquisition and Transfer of Undertakings) Act,102
Bengal Indigo Contracts Act,103
Bengal Land Holders' Attendance Act,104
Bengal Land Revenue Sales Act,106
Bengal Land Revenue Sales Act,105
Bengal Military Police Act,107
Bengal Rent Act,108
Bengal Suppression of Terrorist Outrages (Supplementary) Act,109
Bengal Tenancy Act,110
Berar Laws Act,111
Betwa River Board Act,113
Betwa River Board (Amendment) Act,112
Bharatiya Nagarik Suraksha Sanhita,1126
Bharatiya Nyaya Sanhita,1125
Bharatiya Sakshya Adhiniyam,1127
Bharat Petroleum Corporation Limited  (Determination of  Conditions of Service of Employees) Act,114
Bhopal Gas Leak Disaster (Processing of Claims) Act,115
Bihar and Uttar Pradesh (Alteration of Boundaries) Act,118
Bihar and West Bengal (Transfer of Territories) Act,120
Bihar Land Reforms Laws (Regulating Mines and Minerals) Validation Act,116
"Bihar Reorganisation Act, 2000",117
Bihar  Value Added Tax Act,119
Bikrama Singh's Estates Act,121
"Biological Diversity Act, 2002",122
Bird and Company Limited (Acquisition and  Transfer of Undertakings and  Other Properties) Act,123
"Births, Deaths and Marriages Registration Act",124
Bolani Ores Limited (Acquisition of Shares) and Miscellaneous Provisions Act   1978,125
Bombay Civil Courts Act,126
Bombay Municipal Debentures Act,127
Bombay Public Security Measures (Delhi Amendment) Act,128
Bombay Rent-free Estates Act,129
Bombay Reorganisation Act,130
Bombay Revenue Jurisdiction Act,131
Bonded Labour System (Abolition) Act,132
Border Security Force Act,133
Boundaries,134
"Boundary-marks, Bombay",135
Brahmaputra Board Act,136
Braithwaite and Company (India) Limited  (Acquisition and  Transfer of Undertakings) Act,137
Brentford Electric (India) Limited (Acquisition  and Transfer  of Undertakings) Act,138
Britannia Engineering Company Limited (Mokameh Unit) and the  Arthur,139
British India Corporation Limited (Acquisition of Shares) Act,141
British Statutes (Application to India) Repeal Act,142
Broach and Kaira Incumbered Estates Act,143
Bronze Coin (Legal Tender) Act,144
Building and Other Construction Workers (Regulation of  Employment and Conditions of  Service) Act,145
Building and Other Construction Workers' Welfare Cess Act,146
Bureau of Indian Standards Act,147
Burmah Oil Company [Acquisition of Shares of Oil  India  Limited and of the Undertakings in India of,148
Burmah Shell (Acquisition of Undertakings in India) Act,149
Burn Company and Indian Standard Wagon Company (Nationalisation) Act,150
Butler and Company (Muzaffarpore) Limited  (Acquisition and Transfer of Undertakings) Act,140
Cable Television Networks (Regulation) Act,151
Calcutta High Court (Extension of Jurisdiction) Act,152
Calcutta High Court (Jurisdictional Limits) Act,153
Calcutta Land-revenue Act,154
Calcutta Land-revenue Act,155
Calcutta Metro Railway (Operation and Maintenance) Temporary Provisions Act,156
Calcutta Pilots Act,157
Calcutta Port (Pilotage) Act,158
Caltex [Acquisition of Shares of Caltex Oil  Refining (India)  Limited and of the Undertakings in In,159
Cantonments Act,162
Cantonments (Extension of Rent Control Laws) Act,160
Cantonments (House Accommodation) Act,161
Capital of Punjab Development and Regulation (Chandigarh  Amendment) Act,164
Cardamom Act,165
Carriage by Air Act,166
"Carriage by Road Act,2007",167
Carriers Act,168
Caste Disabilities Removal Act,169
Cattle-trespass Act,170
Census Act,171
Central Agricultural University Act,172
Central Boards of Revenue Act,173
Central Educational Institutions (Reservation in Admission)Act,174
Central  Excises and Salt (Amendment) Act,175
Central Excises (Conversion to Metric Units) Act,177
"Central Excise Tariff Act, 1985",176
Central Industrial Security Force Act,179
Central Industrial Security Force (Amendment and Validation) Act,178
Central Labour Laws (Extension to Jammu and Kashmir) Act,180
Central Laws (Extension to Arunachal Pradesh) Act,181
Central Laws (Extension to Jammu and Kashmir) Act,182
Central Motor Vehicle Rule,1112
Central Provinces Court of Wards Act,183
Central Provinces Financial Commissioner's Act,184
Central Provinces Land-revenue Act,185
Central Provinces Laws Act,186
Central Provinces Tenancy Act,187
Central Reserve Police Force Act,189
Central Road Fund Act,188
Central Sales Tax Act,191
Central Sales Tax (Amendment) Act,190
Central Silk Board Act,192
Central Vigilance Commission Act,193
Cess and Other Taxes on Minerals (Validation) Act,194
Chandernagore (Merger) Act,195
"Chandigarh (Delegation of Powers) Act, 1987",196
Chandigarh Disturbed Areas Act,197
Chaparmukh Silghat Railway Line and the Katakhal Lalabazar  Railway Line (Nationalisation) Act,198
Charitable and Religious Trusts Act,200
Charitable Endowments Act,199
Chartered Accountants Act,201
"Chemical Weapons Convention Act, 2000",202
Child Labour (Prohibition and Regulation) Act,203
"Child Marriage Act, 2006",1113
Children (Pledging of Labour) Act,204
Chit Funds Act,205
Chota Nagpur Encumbered Estates Act,206
Church of Scotland Kirk Sessions Act,207
Cigarettes and other Tobacco Products (Prohibition of Advertisement and Regulation of Trade and Comm,209
"Cigarettes (Regulation of Production, Supply and  Distribution) Act",208
Cinematograph Act,210
Cinematograph Act,211
Cine-Workers and Cinema Theatre Workers  (Regulation of  Employment) Act,212
Cine-Workers Welfare Cess Act,213
Cine-Workers Welfare Fund Act,214
Citizenship Act,215
City of Bombay Municipal (Supplementary) Act,216
Civil Defence Act,217
Coal Bearing Areas (Acquisition and Development) Act,218
Coal Bearing Areas (Acquisition and Development) Amendment  and Validation Act,219
Coal India (Regulation of Transfers and Validation) Act,220
Coal Mines (Conservation and Development) Act,221
Coal Mines Labour Welfare Fund (Repeal) Act,223
Coal Mines (Nationalisation) Act,222
Coal Mines Provident Fund and Miscellaneous Provisions Act,224
Coal Mines (Taking Over of Management) Act,225
Coastal Aquaculture Authority Act,226
Coast Guard Act,227
Coasting Vessels Act,228
Coconut Development Board Act,229
Code of Civil Procedure,230
"Code of Criminal Procedure, 1973",231
Coffee Act,232
Coinage Act,233
Coir Industry Act,234
Coking Coal Mines (Emergency Provisions) Act,235
Coking Coal Mines (Nationalisation) Act,236
Collection of Statistics Act,237
Collection of Statistics Act,238
Colonial Courts of Admiralty (India) Act,239
Commanders-in-Chief (Change in Designation) Act,240
Commercial Documents Evidence Act,241
"Commission of Sati (Prevention) Act, 1987",244
"Commissions for Protection of Child Rights Act, 2006",242
Commissions of Inquiry Act,243
Companies Act,245
Companies (Amendment) Act,246
Companies (Donations to National Funds) Act,247
Companies (Profits) Surtax Act,248
Company Secretaries Act,249
"Competition Act, 2002",250
"Comptroller and Auditor General's (Duties, Powers and  Conditions of",251
Compulsory Deposit Scheme Act,252
Conservation of Foreign Exchange and Prevention of  Smuggling  Activities Act,253
Consumer Protection Act,254
Contempt of Courts Act,255
Contingency Fund of India Act,256
Continuance of Legal Proceedings Act,257
Contract Labour (Regulation and Abolition) Act,258
"Control of National Highways (Land and Traffic) Act, 2002",259
Converts' Marriage Dissolution Act,260
Cooch-Behar (Assimilation of Laws) Act,261
Co-operative Societies Act,262
Copyright Act,263
Coroners Act,264
Cost and Works Accountants Act,265
Cotton Copra and Vegetable Oils Cess (Abolition) Act,266
Court-fees Act,267
Court-fees (Delhi Amendment) Act,268
Credit Information Companies (Regulation) Act,269
Criminal and Election Laws Amendment Act,270
Criminal Law Amendment Act,273
Criminal Law Amendment Act,271
Criminal Law Amendment Act,272
Criminal Procedure (Identification) Act,1115
Customs Act,274
Customs (Amendment) Act,275
Customs and Central Excise Laws (Repeal) Act,276
Customs Duties and Cesses (Conversion to Metric Units) Act,277
Customs Tariff Act,278
Cutchi Memons Act,279
Dadra and Nagar Haveli Act,280
Dakshina Bharat Hindi Prachar Sabha Act,281
Dalmia Dadri Cement Limited (Acquisition and Transfer of  Undertakings) Act,282
Damodar Valley Corporation Act,283
Dangerous Machines (Regulation) Act,284
Decrees and Orders Validating Act,285
Dehra Dun,286
Dekkhan Agriculturists Relief Act,287
Delhi Agricultural Produce Marketing (Regulation) Act,288
Delhi and Ajmer-Merwara Land Development Act,289
Delhi and Ajmer Rent Control Act,290
Delhi and Ajmer Rent Control (Nasirabad Cantonment Repeal) Act,291
Delhi Apartment Ownership Act,292
Delhi Co-operative Societies Act,293
Delhi Delegation of Powers Act,294
Delhi Development Act,295
"Delhi Development Authority (Validation of Disciplinary   Powers) Act, 1998",296
Delhi Fire Prevention and Fire Safety Act,297
Delhi High Court Act,298
Delhi High Court (Amendment) Act,299
Delhi Hotels (Control of Accommodation) Act,300
Delhi Land Holdings (Ceiling) Act,301
Delhi Lands (Restriction on Transfer) Act,302
Delhi Laws Act,305
Delhi Laws Act,303
Delhi Laws (Special Provisions) Act,304
Delhi Metro Railways (Operation and Maintenance) Act,306
Delhi Motor Vehicles Taxation Act,307
Delhi Police Act,308
Delhi Primary Education Act,309
Delhi Rent Act,310
Delhi Rent Control Act,311
Delhi Restriction of Uses of Land Act,312
Delhi Road Transport Laws (Amendment) Act,313
Delhi Sales Tax Act,314
Delhi Sales Tax (Amendment and Validation) Act,315
Delhi School Education Act,316
Delhi Sikh Gurdwaras Act,317
Delhi Special Police Establishment Act,318
Delhi University Act,319
Delhi (Urban Areas) Tenants' Relief Act,320
"Delhi Urban Art Commission Act, 1973",321
Delimitation Act,322
Delivery of Books and Newspapers (Public Libraries) Act,323
Dentists Act,324
Departmental Inquiries (Enforcement of Attendance  of  Witnesses and Production of Documents) Act,325
Departmentalisation of Union Accounts (Transfer of Personnel) Act,326
Deposit Insurance and Credit Guarantee Corporation Act,327
Deposit Insurance Corporation (Amendment and  Miscellaneous  Provisions) Act,328
Depositories Act,329
Designs Act,330
Destruction of Records Act,331
Destructive Insects and Pests Act,332
Destructive Insects and Pests (Amendment and Validation) Act,333
Diplomatic and Consular Officers (Oaths and Fees) Act,334
Diplomatic and Consular Officers (Oaths and Fees) (Extension  to Jammu and Kashmir) Act,335
Diplomatic Relations (Vienna Convention) Act,336
Direct Tax Laws (Amendment) Act,337
Direct-Tax Laws (Miscellaneous) Repeal Act,338
Disaster Management Act,339
Displaced Persons (Debts Adjustment) Act,340
Disputed Elections (Prime Minister and Speaker)  Act,341
Dissolution of Muslim Marriages Act,342
Disturbed Areas (Special Courts) Act,343
Divorce Act,344
Dock Workers (Regulation of Employment) Act,345
Dock Workers (Regulation of Employment)  (Inapplicability to  Major Ports) Act,346
"Dock Workers (Safety, Health and Welfare) Act",347
Dourine Act,348
Dowry Prohibition Act,349
Dramatic Performances Act,350
Drugs and Cosmetics Act,351
Drugs and Magic Remedies (Objectionable Advertisements) Act,352
Drugs (Control) Act,353
Durgah Khawaja Saheb Act,354
Easements (Extending Act 5 of 1882),355
East-Punjab Urban Rent Restriction (Extension to Chandigarh)  Act,356
Economic Offences (Inapplicability of Limitation) Act,357
Election Commission (Conditions of Service of Election  Commissioners and Transaction of Business) A,358
Election Laws (Extension to Sikkim) Act,359
Electricity Act,360
Elephants' Preservation Act,361
Emblems and Names (Prevention of Improper Use) Act,362
Emigration Act,363
Employees' Provident Funds and Miscellaneous  Provisions Act,364
Employees' Provident Funds and Miscellaneous Provisions (Amendment) Act,365
Employees' State Insurance Act,366
Employees' State Insurance (Amendment) Act,367
Employers' Liability Act,368
Employment Exchanges (Compulsory Notification of Vacancies)  Act,369
Employment of Manual Scavengers and Construction of Dry  Latrines  (Prohibition) Act,370
Enemy Property Act,371
Energy Conservation Act,373
English and Foreign Languages University Act                                                      20,372
Environment (Protection) Act,374
Epidemic Diseases Act,375
Equal Remuneration Act,376
Essential Commodities Act,377
Essential Services Maintenance (Assam) Act,378
Esso (Acquisition of Undertakings in India) Act,379
Exchange of Prisoners Act,380
Excise (Malt Liquors) Act,381
Excise (Spirits) Act,382
Expenditure-tax Act,383
Explosives Act,385
Explosive Substances Act,384
Export-Import Bank of India Act,386
Export (Quality Control and Inspection) Act,387
Extradition Act,388
Factories Act,389
Family Courts Act,390
Faridabad Development Corporation Act,391
Fatal Accidents Act,392
Finance Commission (Miscellaneous Provisions) Act,393
Fiscal Responsibility and Budget Management Act,394
Food Corporations Act,395
Food Safety and Standards Act,396
Foreign Aircraft (Exemption from Taxes and Duties on Fuel and Lubricants) Act,397
Foreign Contribution (Regulation) Act,398
Foreigners Act,404
Foreigners Law (Application and Amendment) Act,405
Foreign Exchange Management Act,399
Foreign Jurisdiction Act,400
Foreign Marriage Act,401
Foreign Recruiting Act,402
Foreign Trade (Development and Regulation) Act,403
Forest (Conservation) Act,406
Forfeited Deposits Act,407
Former Secretary of State Service Officers (Conditions of  Service) Act,408
Fort William Act,409
Forward Contracts (Regulation) Act,410
Futwah-Islampur Light Railway Line (Nationalisation) Act,411
Gambling Regulations,1106
Ganesh Flour Mills Company Limited (Acquisition  and Transfer  of Undertakings) Act,412
Ganges Tolls,413
General Clauses Act,414
General Insurance Business (Nationalisation) Act,415
General Insurance Business (Nationalisation) Amendment Act,416
Geneva Conventions Act,417
Geographical Indications of Goods (Registration and Protection) Act,418
Gift-tax Act,419
Glanders and Farcy Act,420
"Goa, Daman and Diu (Absorbed Employees) Act",422
"Goa, Daman and Diu (Administration) Act",423
"Goa, Daman and Diu (Extension of the Code of Civil  Procedure  and the Arbitration Act) Act",424
"Goa, Daman and Diu Mining Concessions (Abolition and  Declaration as Mining Leases) Act",425
"Goa, Daman and Diu Reorganisation Act",426
Gold Bonds (Immunities and Exemptions) Act,427
Governent Securities Act,436
Government Buildings Act,428
Government Grants Act,429
Government Management of Private Estates Act,430
"Government of National Capital Territory of Delhi Act, 1991",431
Government of Union Territories Act,432
Government Savings Banks Act,433
Government Savings Certificates Act,434
Government Seal Act,435
"Governors (Emoluments, Allowances and Privileges)  Act",437
Gram Nyayalayas Act,421
Gresham and Craven of India (Private) Limited (Acquisition  and Transfer of Undertakings) Act,438
Guardians and Wards Act,439
Hackney-carriage Act,440
Haj Committee Act,441
Handlooms (Reservation of Articles for Production) Act,442
Haryana and Punjab Agricultural Universities Act,443
Haryana and Uttar Pradesh (Alteration of Boundaries) Act,444
"High Court and Bombay (Extension of Jurisdiction to Goa, Daman and Diu) Act",445
High Court at Patna (Establishment of a Permanent Bench at  Ranchi) Act,446
High Court Judges (Salaries and Conditions of Service) Act,447
High Courts (Seals) Act,448
High Denomination Bank Notes (Demonetisation) Act,449
Himachal Pradesh and Bilaspur (New State) Act,450
Himachal Pradesh Legislative Assembly (Constitution and  Proceedings) Validation Act,451
Hind Cycles Limited and Sen-Raleigh Limited (Nationalisation) Act,452
Hindi Sahitya Sammelan Act,453
Hindu Adoptions and Maintenance Act,454
Hindu Disposition of Property Act,455
Hindu Gains of Learning Act,456
Hindu Inheritance (Removal of Disabilities) Act,457
Hindu Marriage Act,458
Hindu Marriages (Validation of Proceedings) Act,459
Hindu Minority and Guardianship Act,460
Hindustan Tractors Limited (Acquisition and Transfer of  Undertakings) Act,462
Hindu Succession Act,461
Homoeopathy Central Council Act,463
Hooghly Docking and Engineering Company Limited (Acquisition  and Transfer of Undertakings) Act,464
Hotel-Receipts Tax Act,465
Howrah Offences Act,466
Identification of Prisoners Act,467
Illegal Migrants (Determination by Tribunals) Act,468
Immigrants (Expulsion from Assam) Act,470
Immigration (Carriers’ Liability) Act,469
Immoral Traffic (Prevention) Act,471
Imperial Library (Change of Name) Act,472
Improvements in Towns,473
Inchek Tyres Limited and National Rubber Manufacturers  Limited (Nationalisation) Act,474
Income-tax Act,475
Indecent Representation of Women (Prohibition) Act,476
"Indian Antarctic Act, 2022",1116
Indian Bar Councils Act,477
Indian Bills of Lading Act,478
Indian Boilers Act,479
Indian Carriage of Goods by Sea Act,480
Indian Christian Marriage Act,481
Indian Contract Act,483
Indian Copper Corporation (Acquisition of Undertaking) Act,484
Indian Council of World Affairs Act,482
Indian Criminal Law Amendment Act,485
"Indian Divorce Act, 1869",1111
Indian Easements Act,486
Indian Evidence Act,487
Indian Fisheries Act,488
Indian Forest Act,489
Indian Independence Pakistan Courts (Pending Proceedings)  Act,490
Indian Iron and Steel Company (Acquisition of Shares) Act,491
Indian Law Reports Act,492
"Indian Maritime University Act,2008",493
Indian Matrimonial Causes (War Marriages) Act,494
Indian Medical Council Act,495
Indian Medical Degrees Act,496
Indian Medicine Central Council Act,497
Indian Museum Act,498
Indian Naval Armament Act,499
Indian Nursing Council Act,500
Indian Partnership Act,501
Indian Penal Code,502
Indian Ports Act,503
Indian Post Office Act,504
Indian Railway Board  Act,505
Indian Red Cross Society Act,506
Indian Reserve Forces Act *(Struck down by Supreme Court case 665 2005),507
Indian Rifles (Repeal) Act,524
Indian Short Titles Act,508
Indian Soldiers (Litigation) Act,509
Indian Stamp Act,510
Indian Statistical Institute Act,511
Indian Succession Act,512
Indian Telegraph Act,513
Indian Tolls Act,514
Indian Tolls Act,515
Indian Tolls Act,516
Indian Tolls (Army and Air Force) Act,517
Indian Tramways Act,518
Indian Tramways Act,519
Indian Treasure-trove Act,520
Indian Trusts Act,521
Indian Veterinary Council Act,522
Indian Wireless Telegraphy Act,523
Indira Gandhi National Open University Act,525
Indira Gandhi National Tribal University Act,526
Indo-Tibetan Border Police Force Act,527
Industrial Development Bank (Transfer of Undertaking and Repeal) Act,528
Industrial Disputes Act,529
Industrial Disputes (Amendment and Miscellaneous Provisions)  Act,530
Industrial Disputes (Banking and Insurance Companies) Act,531
Industrial Employment (Standing Orders) Act,532
Industrial Finance Corporation (Transfer of Undertaking and  Repeal) Act,533
Industrial Reconstruction Bank of India Act,535
Industrial Reconstruction Bank (Transfer of Undertaking and  Repeal) Act,534
Industries (Development and Regulation) Act,536
"Infant Milk Substitutes, Feeding Bottles and Infant Foods  (Regulation of Production, Supply and Dis",537
Inflammable Substances Act,538
Information Technology Act,539
Inland Vessels Act,540
Inland Waterways Authority of India Act,541
Insecticides Act,542
Institutes of Technology Act,543
Insurance Act,544
Insurance Regulatory and Development Authority Act,545
Intelligence Organisations (Restriction on Rights) Act,546
Inter,1121
Interest Act,547
Interest-tax Act,549
"International Development Association (Status, Immunities  and Privileges) Act",550
"International Finance Corporation (Status, Immunities and  Privileges) Act",551
International Monetary Fund and Bank Act,552
Inter-State Corporation Act,553
Inter-State Migrant Workmen (Regulation of Employment and Conditions of Service) Act,554
Inter-State River Water Disputes Act,555
I.P.C(Police),1098
I.P.C(Police),1097
IPC The Criminal Law Amendment Act 2013,1110
"Iron Ore Mines, Manganese Ore Mines and Chrome Ore Mines Labour Welfare Cess Act",556
"Iron Ore Mines, Manganese Ore Mines and Chrome Ore Mines Labour Welfare Fund Act",557
Jallianwala Bagh National Memorial Act,559
Jamia Millia Islamia Act,560
Jammu and Kashmir (Extension of Laws) Act,561
Jammu and Kashmir Representation of the People (Supplementary) Act,562
"Jawaharlal Institute of Post Graduate Medical Education and Research, Puducherry Act",563
Jawaharlal Nehru University Act,564
Jayanti Shipping Company (Acquisition of Shares) Act,565
Jubbalpore and Chhattisgarh Divisions (Divorce Proceedings Validation) Act,566
Judges (Inquiry) Act,567
Judges (Protection) Act,568
Judicial Officers Protection Act,569
Junagarh Administration (Property) Act,570
Jute Companies (Nationalisation) Act,571
Jute Manufacturers Development Council Act,573
Jute Manufactures Cess Act,572
Jute Packaging Materials (Compulsory Use in Packing Commodities) Act,574
Juvenile Justice (Care and Protection of Children) Act,575
"Kalakshetra Foundation Act, 1993",576
Kazis Act,577
Khaddar (Protection of Name) Act,578
Khadi and Village Industries Commission Act,579
Khuda Bakhsh Oriental Public Library Act,580
King of Oudh's Estate Act,582
King of Oudh's Estate Act,581
King of Oudh's Estate Validation Act,583
Konkan Passenger Ships (Acquisition) Act,584
Kosangas Company (Acquisition of Undertakings) Act,585
Labour Laws (Exemption from Furnishing Returns and  Maintaining Registers by certain Establishments),586
Lady Hardinge Medical College and Hospital (Acquisition and  Miscellaneous Provisions) Act,587
Lalitkala Akademi (Taking Over of Management) Act,588
Land Acquisition Act,589
Land Acquisition (Amendment) Act,590
Land Acquisition (Amendment and Validation) Act,591
Land Acquisition (Mines) Act,592
Land Improvement Loans Act,593
Laws Local Extent Act,594
Laxmirattan and Atherton West Cotton Mills (Taking  over of  Management)Act,595
"Leaders of Chief Whips of Recognised Parties and Groups in  Parliament (Facilities) Act, 1998",596
Legal Practitioners Act,597
Legal Practitioners (Fees) Act,598
Legal Practitioners (Women) Act,599
Legal Representatives' Suits Act,600
Legal Services Authorities Act,601
Legal Tender (Inscribed Notes) Act,602
Legislative Assembly of Nagaland (Change in  Representation)  Act,603
Legislative Councils Act,604
Lepers Act,605
Levy Sugar Price Equalisation Fund Act,606
Life Insurance Corporation Act,607
Life Insurance Corporation (Modification of Settlement) Act,608
Light House Act,609
Limestone and Dolomite Mines Labour Welfare Fund Act,610
Limitation Act,612
Limited Liability Partnership Act,611
Live-stock Importation Act,613
Local Authorities Loans Act,614
Local Authorities Pensions and Gratuities Act,615
Lok Sahayak Sena Act,616
Lotteries (Regulation) Act,617
Lushai Hills District (Change of Name) Act,618
Madhya Pradesh Reorganisation Act,619
"Madras, Bengal and Bombay Children (Supplementary) Act",620
Madras City Civil Court Act,621
Madras City Land Revenue Act,622
Madras Civil Courts Act,623
Madras Compulsory Labour Act,624
Madras District Police Act,625
Madras Forest (Validation) Act,626
Madras Public Property Malversation Act,627
Madras Rent and Revenue Sales Act,628
Madras Revenue Commissioner Act,629
Madras Uncovenated Officers' Act,630
"Mahatama Gandhi Antarashtriya Hindi Vishwavidyalaya Act, 1996",631
Mahendra Pratap Singh Estate (Repeal) Act,632
Maintenance and Welfare of Parents and Senior Citizens Act,633
Maintenance Orders Enforcement Act,634
Majority Act,636
Major Port Trusts Act,635
Mangrol and Manavadar (Administration of Property) Act,637
Manipur and Tripura (Repeal of Laws) Act,638
Manipur (Courts) Act,639
Manipur (Hill Areas District Council) Act,640
Manipur Land Revenue and Land Reforms Act,641
Manipur Municipalities Act,642
Manipur Panchayati Raj Act,643
Manipur (Sales of Motor Spirit and Lubricants) Taxation Act,644
Manipur University Act,645
Manipur (Village Authorities in Hill Areas) Act,646
"Manoeuvres, Field Firing and Artillery Practice Act",647
Marine Insurance Act,648
Marine Products Export Development Authority Act,649
Maritime Anti,1117
Maritime Zones of India (Regulation of Fishing by Foreign  Vessels) Act,650
Marking of Heavy Packages Act,651
Marriages Validation Act,652
Married Women's Property Act,653
Married Women's Property (Extension) Act,654
Maruti Limited (Acquisition and Transfer of Undertakings)  Act,655
Maternity Benefit Act,656
"Maulana Azad National Urdu University Act, 1996",657
Mediation Act,1122
Medical Termination of Pregnancy Act,658
Medicinal and Toilet Preparations (Excise Duties) Act,659
Mental Health Act,660
Merchant Shipping Act,661
Merchant Shipping (Amendment) Act,662
Merchant Shipping (Amendment) Act,663
Merged States (Laws) Act,664
Metal Corporation (Nationalisation and Miscellaneous  Provisions) Act,665
Metal Tokens Act,666
Metro Railways (Construction of Works) Act,667
Mica Mines Labour Welfare Fund Act,668
"Micro, Small and Medium Enterprises Development Act, 2006",669
Mines Act,670
Mines and Minerals (Development and Regulation ) Act,671
Minimum Wages Act,672
Mirzapur Stone Mahal Act,673
Miscellaneous Personal Laws (Extension) Act,674
Mizoram University Act,675
Mogul Line Limited (Acquisition of Shares) Act,676
Monopolies and Restrictive Trade Practices Act,677
Motor Transport Workers Act,678
Motor Vehicles Act,679
Multimodal Transportation of Goods Act,680
Multi-State Co-operative Societies Act,681
Municipal Taxation Act,682
Murshidabad Act,683
Murshidabad Estate Administration Act,684
Muslim Personal Law (Shariat) Application Act,685
Muslim Women (Protection of Rights on Divorce) Act,686
Mussalman Wakf Act,687
Mussalman Wakf Validating Act,689
Mussalman Wakf Validating Act,688
Naga Hills-Tuensang Area Act,690
Nagaland University Act,691
Narcotic Drugs and Psychotropic Substances Act,692
National Bank for Agriculture and Rural Development Act,693
National Cadet Corps Act,694
National Capital Region Planning Board Act,696
National Capital Territory of Delhi Laws (Special Provisions),695
National Commission for Backward Classes Act,697
National Commission for Minorities Act,698
"National Commission for Minority Educational Institutions Act, 2004",699
National Commission for Safai Karamcharis Act,700
National Commission for Women Act,701
National Company (Acquisition and Transfer of Undertakings)  Act,702
National Co-operative Development Corporation Act,703
National Council for Teacher Education Act,704
National Dairy Development Board Act,705
National Dental Commission Act,1118
National Environment Appellate Authority Act,706
National Environment Tribunal Act,707
National Highways Act,708
National Highways Authority of India Act,709
National Housing Bank Act,710
National Institute of Pharmaceutical Education and  Research  Act,712
National Institutes of Technology Act.,718
National Investigation Agency Act,713
National Library of India Act,714
National Nursing and Midwifery Commission Act,1120
National Oil Seeds and Vegetable Oils Development Board Act,715
National Rural Employment Guarantee Act,716
National Rural Employment Guarantee (Extension to Jammu And Kashmir) Act,717
National Security Act,719
National Security Guard Act,720
National Service Act,721
National Tax Tribunal Act,722
"National Trust for Welfare of Persons with Autism, Cerebral Palsy, Mental Retardation and Multiple D",724
National Waterway (Allahabad-Haldia -Ganga-Bhagirathi-Hooghly River) Act,725
"National Waterway (Kakinadi-Puducherry & Kaluvelly Tank, Bhadrachalam-Rajahmundary Godavari&Waziraba",729
"National Waterway (Kollam-Kottapuram - West Coast Canal , Champakara and Udyogmandal Canals) Act",726
National Waterway (Sadiya-Dhubri-Brahmaputra River) Act,727
"National Waterway (Talcher-Dhamra,Geonkhali-Charbatia-East Coast Canal, Charbatia-Dhamra-Matai River",728
Natoinal Institute of Fashion Technology Act,711
Naval and Aircraft Prize Act,730
Navy Act,731
Negotiable Instruments Act,732
New Delhi Municipal Council Act,733
Newspaper (Price and Page) Act,734
Newspaper (Price and Page Continuance) Act,735
Neyveli Lignite Corporation Limited (Acquisition and  Transfer of Power Transmission System) Act,736
North-Eastern Area (Reorganisation) Act,737
North-Eastern Council Act,738
North-Eastern Hill University Act,739
North-Eastern Provinces Village and Road Police Act,740
Northern India Canal and Drainage Act,741
Northern India Ferries Act,742
Notaries Act,743
"NTPC, NHPC & North-Eastern Electric Power Corporation Limited (Acquisition  and Transfer of Power Tr",723
Oaths Act,744
Obstructions in Fairways Act,745
Official Languages Act,746
Official Secrets Act,747
Official Trustees Act,748
"Offshore Areas Minerals (Development and Regulation) Act, 2002",749
Oil and Natural Gas Commission (Transfer of Undertaking and Repeal) Act,750
Oil Fields (Regulation and Development) Act,751
Oil Industry (Development) Act,752
Opium and Revenue Laws (Extension of Application) Act,753
Oriental Gas Company,754
Oriental Gas Company,755
Orissa Weights and Measures (Delhi Repeal) Act,756
Orphanages and Other Charitable Homes (Supervision and  Control) Act,757
Oudh Estates Act,758
Oudh Laws Act,759
Oudh Sub-settlement Act,760
Oudh Taluqdars' Relief Act,761
Oudh Wasikas Act,762
Parel Investment and Trading Private Limited and Domestic Gas Private Limited (Taking Over of Manage,763
Parliamentary Proceedings (Protection of Publication) Act,765
Parliamentary Proceedings (Protection of Publication) Repeal Act,770
Parliament (Prevention of Disqualification) Act,764
Parsi Marriage and Divorce Act,766
Part B States (Laws) Act,767
Part B States Marriages Validating Act,768
Part C States Miscellaneous Laws (Repealing) Act,769
Partition Act,771
Partition of Revenue-paying Estates,772
Passport (Entry into India) Act,773
Passports Act,774
Patents Act,775
PAT Regulation,1109
Payment and Settlement Systems Act,776
Payment of Bonus Act,777
Payment of Gratuity Act,779
Payment of Gratuity (Amendment) Act,778
Payment of Wages Act,780
Pensions Act,781
Personal Injuries (Compensation Insurance) Act,782
"Persons With Disabilities (Equal Opportunities, Protection  of Rights and Full Participation) Act, 1",783
Petroleum Act,784
Petroleum and Minerals Pipelines (Acquisition of Right of  User in Land) Act,785
"Petroleum and Natural Gas Regulatory Board, Act",786
Pharmacy Act,787
Places of Worship (Special Provisions) Act,788
Plantations Labour Act,789
POC Act,1108
Poisons Act,790
Police Act,792
Police Act,793
Police Act,791
"Police, Agra",794
Police Forces (Restriction of Rights) Act,795
Police (Incitement to Disaffection) Act,796
Pondicherry (Administration) Act,797
Pondicherry (Extension of Laws) Act,798
Pondicherry University Act,799
Pondichery (Alteration of Name) Act,800
Porahat Estate Act,801
"Post-Graduate Institute of Medical Education and Research,  Chandigarh, Act",802
Post Office Act,1124
Post Office Cash Certificates Act,803
Powers-of-Attorney Act,804
Prasar Bharati (Broadcasting Corporation of India) Act,805
Pre-conception and Pre-natal Diagnostic Techniques (Prohibition of Sex Selection) Act,807
Preference Shares (Regulation of Dividend) Act,806
Presidency Small Cause Courts Act,808
Presidency-towns Insolvency Act,809
President (Discharge of Functions) Act,810
Presidential and Vice-Presidential Elections Act,811
President's Emoluments and Pension Act,812
Press and Registration of Books Act,813
Press Council Act,814
Prevention of Blackmarketing and Maintenance of  Supplies of  Essential Commodities Act,815
"Prevention of Children from Sexual Offence Act, 2012",1104
Prevention of Corruption Act,816
Prevention of Cruelty to Animals Act,817
Prevention of Damage to Public Property Act,818
Prevention of Food Adulteration Act,819
Prevention of Illicit Traffic in Narcotic Drugs and Psychotropic Substances Act,821
Prevention of Insults to National Honour Act,822
"Prevention of  Money Laundering Act, 2002",820
Prevention of Seditious Meetings Act,823
Prevention of Terrorism (Repeal) Act,824
Prisoners Act,825
Prisoners (Attendance in Courts) Act,826
Prisons Act,827
Private Security Agencies (Regulation) Act,828
Prize Chits and Money Circulation Scheme (Banning) Act,829
Prize Competitions Act,830
Probation of Offenders Act,831
"Produce Cess Laws (Abolition) Action, 2006",832
Professions Tax Limitation (Amendment and Validation) Act,833
Prohibition of Child Marriage Act,834
Protection of Civil Rights Act,835
"Protection of Human Rights Act, 1993",836
Protection of Plant Varieties and Farmers’ Right Act,837
Protection of Women from Domestic Violence Act,838
Provident Funds Act,839
Provincial Insolvency Act,840
Provincial Small Cause Courts Act,841
Provisional Collection of Taxes Act,842
Provisions of the Panchayats (Extension to the Scheduled  Areas) Act,843
Public Accountants' Defaults Act,844
Public Debt Act,845
Public Employment (Requirement as to Residence) Act,846
Public Financial Institutions (Obligation as to Fidelity  and Secrecy) Act,847
Public Gambling Act,848
Public Liability Insurance Act,849
Public Premises (Eviction of Unauthorised Occupants) Act,850
Public Provident Fund Act,851
Public Records Act,852
Public Sector Iron and Steel Companies  (Restructuring) and  Miscellaneous Provisions Act,853
Public Servants (Inquiries) Act,854
Public Suits Validation Act,855
Public Wakfs (Extension of Limitation) Act,856
Punjab District Boards Act,857
Punjab Disturbed Areas Act,858
Punjab Excise (Delhi Amendment) Act,859
"Punjab Gram Panchayat, Samities and Zilla Parishad (Chandigarh Repeal) Act",860
Punjab Land Revenue Act,861
Punjab Laws Act,862
Punjab Legislative Council (Abolition) Act,863
Punjab Municipal Corporation Law (Extension to Chandigarh)  Act,864
Punjab Reorganisation Act,865
Punjab State Legislature (Delegation of Powers) Act,866
Punjab Tenancy Act,867
Railway Claims Tribunal Act,868
Railway Companies (Emergency Provisions) Act,869
Railway Property (Unlawful Possession) Act,870
Railway Protection Force Act,871
Railway Protection Force (Amendment) Act,872
Railways Act,873
Railways Employment of Members of the Armed Forces Act,874
Railways (Local Authorities' Taxation) Act,875
Raipur and Khattra Laws Act,876
Rajasthan and Madhya Pradesh (Transfer of Territories) Act,877
Rajghat Samadhi Act,878
Rajiv Gandhi Institute of Petroleum Technology Act,879
Rajiv Gandhi University Act,880
Rampur Raza Library Act,881
Reciprocity Act,882
Recovery of Debts Due to Banks and Financial Institutions  Act,883
Red Cross Society (Allocation of Property) Act,884
Reformatory Schools Act,885
Regional Rural Banks Act,886
Registration Act,887
Registration of Births and Deaths Act,888
Registration of Foreigners Act,889
Rehabilitation Council of India Act,890
Rehabilitation  Finance Administration Act,891
Religious Endowments Act,892
Religious Institutions (Prevention of Misuse) Act,893
Religious Societies Act,894
Remittances of Foreign Exchange and Investment in Foreign  Exchange Bonds (Immunities and Exemptions,895
Rent Recovery Act,896
Repatriation of Prisoners Act,897
Repealing and Amending Act,1123
Representation of the People Act,900
Representation of the People Act,898
Representation of the People (Amendment) Act,899
Representation of the People (Miscellaneous Provisions) Act,901
Requisitioned Land (Apportionment of Compensation) Act,902
Requisitioning and Acquisition of Immovable Property Act,903
Research and Development Cess Act,904
Reserve and Auxiliary Air Forces Act,908
Reserve Bank of India Act,906
Reserve Bank of India (Amendment and Miscellaneous Provisions) Act,907
Reserve Bank (Transfer of Public Ownership) Act,905
Resettlement of Displaced Persons (Land Acquisition) Act,909
"Revenue, Bombay",910
"Revenue Commissioners, Bombay",911
Revenue Recovery Act,912
Richardson and Cruddas Limited (Acquisition and Transfer of Under-takings) Act,913
Right to Information Act,914
River Boards Act,915
Road Transport Corporations Act,916
Rubber Act,917
SAARC Convention (Suppression of Terrorism) Act,918
Salaries and Allowances of Ministers Act,921
Salaries and Allowances of Officers of Parliament Act,922
Salar Jung Museum Act,919
"Salary, Allowances and Pension of Members of Parliament Act",920
Salary and Allowances of Leaders of Opposition in Parliament Act,923
Sale of Goods Act,924
Sales of Land for Revenue Arrears,925
Sales Promotion Employees (Conditions of Service) Act,926
Sales Tax Laws Validation Act,927
Salt Cess Act,928
Sarais Act,929
Sashatra Seema Bal Act,930
Scheduled Areas (Assimilation of Laws) Act,932
Scheduled Areas (Assimilation of Laws) Act,931
Scheduled Castes and Scheduled Tribes Orders (Amendment)  Act,933
Scheduled Castes and Scheduled Tribes Orders (Amendment)  Act,934
Scheduled Castes and the Scheduled Tribes (Prevention of  Atrocities) Act,935
Scheduled Securities (Hyderabad) Act,936
Scheduled Tribes and other Traditional Forest Dwellers (Recognition of Forest Rights) Act,937
Science and Engineering Research Board Act,938
Seamen's Provident Fund Act,939
Seaward Artillery Practice Act,940
Securities and Exchange Board of India Act,941
Securities Contracts (Regulation) Act,942
Securitisation and Reconstruction of Financial Assets and Enforcement of,943
Seeds Act,945
Semiconductor Integrated Circuits Layout Design Act,946
Sheriff of Calcutta (Power of Custody) Act,947
Sheriffs' Fees Act,948
Shillong (Rifle Range and Umlong) Cantonments Assimilation of Laws Act,949
Shipping Development Fund Committee (Abolition) Act,950
Shore Nuisances (Bombay and Kolaba) Act,951
"Sick Industrial Companies (Special Provisions) Act, 1985",952
"Sick Industrial Companies (Special Provisions) Repeal Act, 2003",953
Sick Textile Undertakings (Nationalisation) Act,954
Sick Textile Undertakings (Taking Over of Management) Act,955
Sikh Gurdwaras (Supplementary) Act,956
Sikkim University Act,957
Sir Dinshaw Maneckjee Petit Act,958
Sir Jamsetjee Jejeebhoy Baronetcy Act,959
Slum Areas (Improvement and Clearance) Act,960
Small Coins (Offences) Act,961
Small Industries Development Bank of India Act,962
"Smith, Stainstreet and Company Limited (Acquisition and Transfer of Undertakings) Act",963
Smugglers and Foreign Exchange Manipulators (Forfeiture of Property) Act,964
Societies Registration Act,965
Sonthal Parganas Act,966
Sonthal Parganas Act,967
South Asian University Act,968
Special Court (Trial of Offences Relating to Transactions in Securities) Act,969
Special Criminal Courts (Jurisdiction) Act,970
Special Economic Zones Act,971
Special Marriage Act,972
Special Protection Group Act,973
Specific Relief Act,974
Spices Board Act,975
Sports Broadcasting Signals (Mandatory sharing with Prasar Bharti) Act,977
"Sree Chitra Tirunal Institute for Medical Sciences and Technology, Trivandrum Act",978
Stage-Carriages Act,979
Standards of Weights and Measures Act,980
Standards of Weights and Measures (Enforcement) Act,981
Standards of Weights and Measures (Extension to Kohima and Mokokchung Districts) Act,982
State Acquisition of Lands for Union Purposes (Validation) Act,983
State Agricultural Credit Corporation Act,984
State Armed Police Forces (Extension of Laws) Act,985
State Associated Banks (Miscellaneous Provisions) Act,986
State Bank of Hyderabad Act,987
State Bank of India Act,988
State Bank of India (Subsidiary Banks) Act,989
State Bank of Sikkim (Acquisition of Shares) and Miscellaneous Provisions Act,990
State Emblems of India (Prohibition of Improper Use) Act,991
State Financial Corporations Act,992
State of Arunachal Pradesh Act,993
State of Himachal Pradesh Act,994
State of Mizoram Act,995
State of Nagaland Act,996
States Reorganisation Act,997
Sugar-Cane Act,998
Sugar Cess Act,999
Sugar Development Fund Act,1000
Sugar (Regulation of Production) Act,1001
Sugar Undertaking (Taking over of Management) Act,1002
Suits Valuation Act,1003
Suppression of Unlawful Acts against Safety of Civil  Aviation Act,1004
Suppression of Unlawful Acts against Safety of Maritime Navigation and Fixed Platform on Continental,1005
Supreme Court Advocates (Practice in High Courts) Act,1006
Supreme Court (Enlargement of Criminal Appellate Jurisdiction) Act,1007
Supreme Court Judges ( Salaries and Conditions of  Service) Act,1008
Supreme Court (Number of Judges) Act,1009
Swadeshi Cotton Mills Company Limited (Acquisition and  Transfer of Undertakings) Act,1010
Tamil Nadu Agricultural Service Co-operative Societies  (Appointment of Special Officers) Amendment,1011
Taxation Laws (Amendment and Miscellaneous Provisions) Act,1012
Taxation Laws (Amendment and Miscellaneous Provisions) Act,1013
Taxation Laws (Continuation and Validation of  Recovery  Proceedings) Act,1014
Taxation Laws (Extension to Jammu and Kashmir) Act,1016
Taxation Laws (Extension to Jammu and Kashmir) Act,1015
Tea Act,1017
Tea Companies (Acquisition and Transfer of Sick Tea Units)  Act,1018
Technology Development Board Act,1019
Telecom Regulatory Authority of India Act,1020
Telegraph Wires (Unlawful Possession) Act,1021
Terminal Tax on Railway Passengers Act,1022
Territorial Army Act,1023
"Territorial Waters, Continental Shelf, Exclusive Economic  Zone and Other Maritime Zones Act",1024
Terrorist Affected Areas (Special Courts) Act,1025
Textiles Committee Act,1028
Textile Undertakings (Nationalisation) Act,1026
Textile Undertakings (Taking Over of Management) Act,1027
Tezpur University Act,1029
"The Spirituous Preparations (inter-State Trade and Commerce) Control (Repeal) Act, 200",976
Tobacco Board Act,1030
Tobacco Cess Act,1031
Tobacco Duty (Town of Bombay) Act,1032
Tokyo Convention Act,1033
Trade Marks Act,1034
Trade Unions Act,1035
Trading with the Enemy (Continuance of Emergency Provisions)  Act,1036
Transfer of Evacuee Deposits Act,1037
Transfer of Prisoners Act,1038
Transfer of Property Act,1039
Transfer of Property (Amendment) Supplementary Act,1040
Transformer and Switchgear Limited (Acquisition  and  Transfer of Undertakings) Act,1041
Transplantation of Human Organs Act,1042
Travancore-Cochin Vehicles Taxation (Amendment and Validation) Act,1043
Tripura Land Revenue and Land Reforms Act,1044
Tripura University Act,1045
Tyre Corporation of India Limited (Disinvestment of Ownership) Act,1046
Union Duties of Excise (Distribution) Act,1047
Union Duties of Excise (Electricity) Distribution Repeal Act,1052
Union Territories (Direct Election to the House of the  People) Act,1048
Union Territories (Laws) Act,1049
Union Territories (Separation of Judicial and Executive  Functions) Act,1050
Union Territories (Stamp and Court-fees Laws) Act,1051
United Nations (Privileges and Immunities) Act,1055
United Nations (Security Council) Act,1056
United Provinces Act,1057
Unit Trust of India Act,1053
Unit Trust of India (Transfer of Undertaking and Repeal) Act,1054
University Grants Commission Act,1058
University of Allahabad Act,1059
University of Hyderabad Act,1060
Unlawful Activities (Prevention) Act,1061
Unorganised Sector Workers Social Security Act,1063
Untouchability (Offences) Amendment and Miscellaneous  Provision Act,1062
U.P.  Z.  Act,1100
Urban Land (Ceiling and Regulation) Act,1064
Urban Land (Ceiling and Regulation) Repeal Act,1065
Usurious Loans Act,1066
Usury Laws Repeal Act,1067
Uttaranchal (Alteration of Name),1070
Uttar Pradesh Cantonments (Control of Rent and Eviction) Repeal Act,1068
Uttar Pradesh Reorganisation Act,1069
Vice-President's Pension Act,1071
Visva-Bharati Act,1073
Voluntary Surrender of Salaries (Exemption from Taxation)  Act,1074
Wakf Act,1075
Warehousing Corporations Act,1077
Warehousing Corporations (Supplementary) Act,1078
"Warehousing (Development and Regulation) Act,2007",1079
War Injuries (Compensation Insurance) Act,1076
Waste-Lands (Claims) Act,1080
Water (Prevention and Control of Pollution) Act,1081
Water (Prevention and Control of Pollution) Cess Act,1082
Wealth-tax Act,1083
"Weapons of Mass Destruction and Their Delivery Systems (Prohibition of Unlawful Activities) Act, 200",1084
Weekly Holidays Act,1085
West Godavari District (Assimilation of Laws on Federal  Subjects) Act,1086
White Phosphorus Matches Prohibition Act,1087
Wild Birds and Animals Protection Act,1088
Wild Life (Protection) Act,1089
Wild Life (Protection) Amendment Act,1090
Women's and Children's Institutions (Licensing) Act,1091
Working Journalists and other Newspaper Employees  (Conditions of Service) and Miscellaneous Provisi,1092
Working Journalists (Fixation of Rates of Wages)  Act,1093
Workmen's Compensation Act,1094
Works of Defence Act,1095
Young Persons (Harmful Publications) Act,1096
